decision,name,sector,status,exit_reason,entry,exit,held_days,stop,target,confidence,ret,market,sector_avg,stock_part,vs_other_candidates,thesis
20260923,로*시스템즈,기계장비,청산,목표,20260928,20261006,6,-0.1006,0.1698,35,0.1667,-0.0177,0.08426,0.08244,-0.13368,"반기 매출 +31%, 영업이익 +18%로 실적이 개선되고 있고 부채비율도 23%라 재무가 탄탄하다. 주봉 기준 6,000~7,000원 구간에서 약 15주 동안 바닥을 다진 뒤 상승삼각수렴 상단(약 7,000원)을 거래량 4.8배와 함께 돌파했다. 위험 공시가 없어 가짜 돌파일 가능성이 상대적으로 낮다고 보며, 1차 목표는 직전 고점대(9,500~9,800원)의 바로 아래로 잡았다."
20260928,한*솔루션,화학,보유중,평가,20260929,20261007,6,-0.0972,0.1809,45,0.10056,-0.00673,0.03165,0.06891,0.12533,"반기 매출이 36% 늘고 영업이익이 202% 증가했으며 순이익도 흑자로 돌아서 실적 개선이 뚜렷하다. 주봉 22,850원에서 바닥을 다진 뒤 28,650~35,700원 박스에서 거래량 5.6배를 동반해 상단 쪽으로 올라왔다. 20일 평균 거래대금이 697억으로 유동성이 충분해 가짜 돌파일 가능성이 상대적으로 낮다."
20260928,디*이락,기계장비,청산,목표,20260929,20261002,4,-0.1282,0.1555,38,0.1524,0.02539,0.06598,0.08642,0.16203,"매출이 40% 늘고 영업이익이 134% 증가했으며 순이익도 흑자로 돌아서 실적이 좋아지고 있다. 6,300원대에서 바닥을 다진 뒤 7,200~8,000원에서 수렴하다 거래량 20배로 돌파했다. 60일선과 120일선이 모두 아래에 있고 52주 고점 대비 -18.5%로 추세가 살아 있다."
20260928,신*이엔지,전자부품·반도체·통신장비,청산,목표,20260929,20261006,5,-0.096,0.1582,33,0.1551,0.01336,0.07782,0.07728,0.13664,"업종 강도가 상위 22%이고, 매출이 39% 늘며 영업이익이 흑자로 돌아섰다. 12,150원 바닥 이후 15,900~16,900원에서 변동성이 줄어드는 VCP 모양을 만든 뒤 거래량 2.8배로 넘어섰다. 20일선 대비 +7%로 과열이 아니다."
20260929,월*스,전자부품·반도체·통신장비,보유중,평가,20260930,20261007,5,-0.0731,0.1198,52,-0.00465,-0.02119,0.04399,-0.04864,-0.08386,"속한 업종(전자부품·반도체)의 강도가 상위 20%로 후보 중 가장 좋습니다. 반기 영업이익은 +33% 늘었고 순이익은 흑자로 돌아섰으며, 부채비율은 22%로 재무가 탄탄합니다. 주봉 29,500~30,250 구간에서 수렴한 뒤 돌파했고, MA20 대비 +6.5%로 과열되지 않았으며, 20·60·120일선 위에 차례로 있는 정배열이라 추세가 이어질 근거가 있습니다."
20260929,유*셈,기계장비,보유중,평가,20260930,20261007,5,-0.0892,0.1505,40,0.03068,-0.02119,0.04416,-0.01348,-0.04264,"주봉 기준 6,300 저점 이후 8,700~9,100 박스권에서 6주간 바닥을 다진 뒤 거래량 5.5배와 함께 돌파했습니다. 반기 영업이익 +52%, 순이익 +218%로 실적이 좋아지고 있고 부채비율은 17%로 재무 위험이 낮습니다. 120일선 위로 올라서 중기 추세도 돌아서는 모습이고, 1차 저항은 11,500~12,500 구간입니다."
20261001,대*제강,1차금속,보유중,평가,20261002,20261007,3,-0.0728,0.1369,45,0.01516,-0.0237,-0.00075,0.01592,-0.00107,"주봉에서 저점이 7,080에서 7,580, 8,040으로 높아지는 이중바닥을 만든 뒤, 8,600~8,700대 박스 상단을 거래량 112배로 뚫었습니다. 반기 영업이익이 +81% 늘었고 부채비율은 41%로 재무가 탄탄합니다. 9/28 대량보유 보고도 있어 수급이 들어온 정황이 보입니다. 120일선(-0.5%) 근처에서 돌파해 장기 이평 대비 과열도 크지 않습니다."
20261001,이*스첨단소재,전자부품·반도체·통신장비,보유중,평가,20261002,20261007,3,-0.0714,0.1161,36,-0.02738,-0.0237,0.01312,-0.0405,-0.0497,"업종 강도가 상위 6%로 가장 강한 전자부품 섹터에 속합니다. 19,800~21,000 구간에서 10주 넘게 변동폭을 줄이며 바닥을 다진 뒤 VCP 돌파가 나왔습니다. 하루 상승 +4.7%, MA20 대비 +8%, ATR 3.6%로 과열 없이 차분하게 올라 가짜 돌파 가능성이 상대적으로 낮다고 봅니다."
20261002,산*전기,전기장비,보유중,평가,20261006,20261007,2,-0.1018,0.1593,44,-0.0031,-0.03772,-0.00367,0.00057,0.06236,"반기 매출 +38%, 영업이익 +40%로 실적이 크게 늘었고 부채비율은 14%로 재무가 탄탄합니다. 업종 강도도 상위 20%입니다. 주봉 종가는 145,800원 저점에서 저점을 높여 왔고, 이번에 거래량을 동반한 상승삼각수렴 돌파가 나왔습니다. 최근 30일 목표가 상향(LS +16%)이 있고 하향은 없으며, 위로 251,000~276,000원 매물대까지 여유가 있습니다."
20261002,동*,도매,보유중,평가,20261006,20261007,2,-0.0616,0.0797,32,-0.04847,-0.03772,-0.00375,-0.04472,0.00792,"주봉 종가가 26주 가까이 24,000~27,300원 좁은 박스에 머물다 거래량 4.5배로 상단을 넘었습니다. ATR 2.4%로 변동성이 낮고 이평 대비 이격도 7% 안팎이라 과열은 아닙니다. 부채비율 4%로 재무 위험이 거의 없습니다."
